sequence,label_prom,label_ss,label_polya
TTTCCTTCTAACACATCTCATTCCAATTCTAAAAGGCACCTCTGAAGCCTTGCTGAACTTCATCAAGATTTTCACGTGGTTTCCTTAGTAAAGTGTGATGAGAAGGTCCATCCTTCTCAGGATGAAGGAGTGGTCCAGGAAGCCCTGATTGGTCTGCCGGGGAGGGAAGGGCTGCCTTATTTGGAGACCTGCAGGAATGCCACCTCCCCCGGCAGCTCCTATATAGCTGGGCGGACCTGGCTGCCAAGAGGGTGTGCTGGGGGACTGTGCAGCTCGAGGCTCCAGAGGCACACTCCAGAG,1,0,0
ACATATATACTGTCTGTGTCAGCACAGCCAAGCACCCTGACCCAAATGAGTATCTGTCTCTAAGAAAAGAATGTAGCCTGATGCAGAAATCTGAGAATTTTCTCCTTCCAAAGTACAGTGTAAGAACAGACTGGAAGAGAAGTTACCCCGATGACTTGGTTTGGAAGGGGTTAAGGCACCAGTCATCCTCTTCTAAAGTGATTTATGATGATGTGTGGAGTTTAAAAACTTTACCCCACCCCAAAGAACAGCCTTCTCACTCCTCACTGAGTCCACTCTGAACGTGCTAAAATGGGAAGG,1,0,0
TCATGATTCAGCTTAGGTATCCCCCATTCATGCTCCCACATCATCCGATGCTATGCTGTGAGCACTACTGTATCCGGTCCCTCACTATATCTAGTTGTTCCAAGGCAGGGACTAAATTCTTCATTCCTGCACTCTGCGCCCTAGCACCATGCATTTTCGTGAATCACTCCCTGGTTTGGGGTACTGGTGTGTATGTGTATGCGCATGTGCGTATATGCGCATATGAATGGAGAGTAAATTTGAATTTTTGCTGGGCACACGGCGCAGTGAAGACAAGAAAGGGGCACTATTTTAACACAA,1,0,0
ATATGACAGTAATATTTCCATCAAACTTAATCCTATACGTTACGTTAATGTATCTGTATATACATTTACCATAATGTACACAGTCATTAATTATACATGGTTGTTGCTGTATGTTAATGTACTATGGTTCAGTTTTCAAAGGCAAATGTTATAGTGCATTCCAGGACACCTGTGTCCACGAGATAAGTTCTTTGAAACTATATTTGGATCTGCAGGCTATTAAAAGCTTCTTGTACTGAGTGACCTTTCAGGCAGAATGTAGACTGAGCGCTCCTGCTACTGCTGCCTGTTGCTGAGAGG,1,0,0
GTAGCTGCCCGCCGCCCTGGACCCGGCGCCGTCCCGCCCGGCTTCGGGAGCCCTCCGTAGCGGCCGGACTCGCGCGCGTTCTAAAATGAGGACAAAGCCCGCCCAGGTCTAGAGCGCGCGCGCCGTGGCGGCCAATGGGACGCTGAAGCTAGGTTGAGTGACGGACTTGAGCAGCCAATGAGTGTGCAGTTTGTTGCGATGTGGCACCCGGCTCCGGCATTATAAAGGGCGCCACGAGTCGGCATTGTCAGGCGGCGGCACCGCGCGGGACGGAGCTTGGCTGTTGGTCGGTGGGTTCCC,1,0,0
CACTGTGTCTAGCTACTGGGGTGGGAACTTGGAGAACTTCTCTGTCTAGCTAAAGTATTGTAAAAACGCACCAGTCAGTGCTCTGTGTCTAGCTAAAGGTTTGTAAACGCACCAATCAGCACTCTTTAAAAACGGACCAATCAGCACTCTGTAAAATGGACCAATCAGCACTCTGTAAAGTGGACCAATCAGCAGGATGTGGGCGGGGCCAAATAAGGGCATAAAAGCTGGCCACCGAAACCAGCAAGCGCCAACCGTGGCGGGTTCTGTTCCAAGCTGTGGGGGCTTTGTTCTTTTGCT,1,0,0
GTGGAGGCCGGGAGCAGCCCCCGGGGTCATCGCCCTGCCACCGCCGCCCGATTGCTTTAGCTTGGAAATTCCGGAGCTGAAGCGGCCAGCGAGGGAGGATGACCCTCTCGGCCCGGGCACCCTGTCAGTCCGGAAATAACTGCAGCATTTGTTCCGGAGGGGAAGGCGCGAGGTTTCCGGGAAAGCAGCACCGCCCCTTGGCCCCCAGGTGGCTAGCGCTATAAAGGATCACGCGCCCCAGTCGACGCTGAGCTCCTCTGCTACTCAGAGTTGCAACCTCAGCCTCGCTATGGCTCCCAG,1,0,0
TGGTACTTCCTCCTAATTTAATCCATTGCCATTCAAGAAGACCTTTGCCCACAGCAACCACACCACAAAGGGTGGACAGTGAGTCAGGCCCAGGTGACATCACTGTCAGAGCTTAAGTGACAAAAAATGTTAAGCCAGAGATACTTATCACAAAAGCTGGAATGAAGTTAGAGCAGTCTTTTAAAAAATCCAATTTTCTTAAGGCAGGGCTCATTTTCTATATAAATACCAGCTAACAAGAGACTCTTCACCAGATCCCAGAGGCTGAACACCTCGACCTTCTCTGCACAGCAGGTGAGT,1,0,0
GCATGCACAATTTGACAGCGGATGGTCGTAGCATATTTTGTAAATTCAATAGCAAGCCCCACCACGCCCTTAAATGAAGGAAAGCAAGAAGACAATTTTTAATACGTACATGGCACCACACCCCTCTAAGACGCAGCAATGGGAGAAAAGCAGATTGGCGACCTGTGTGTGCAACATGAACCGAGTGAAACCATCGGGGAGGGGGTGGGGGGCGTTTCTTTTAAATGTCGCTTTTGCAGATAAACGAGCAGGGATCCTACCTCTTTTGACCGGAGATGTTGAAAAGCACGACCAAAGTTT,1,0,0
GCTTTTGGGTGCTTCGTCAGCTCTGAGGCACGTCAAATACGTGTATTTTGCTTTCAGCGTTGTGTGAGGGACCCTGGCGGCTGGAACTGCCTCTGGTCGGGGCTTAGGGCTGACTGCAAACGTTCCCATTTTCCTCTCTTCCTCTCATTGGTTCCCGAGGTCACGTGAGGGCCCCGGGGGTTGGAATTCTGAGTTGTGGCTTTGGCACTCCTCTTTCTTTTTAAAAATCGCTGGGTCTGTTGAGCTGTCCTGGGCTGGGTGCCTTGCTCTTTGACTGAGACTGGAGACAGACGGCAACAG,1,0,0
AGAAGTGTTCATTACTGTAAGATACTGTTGTTATTGCTGCTATTATTATGGTTATTACTACTAGTACTGCTCCTAGTAGTAGTCATAACTGTTGACTGGAGCCTTTCCTAAGGGGGAGTCTTCCCAGTGCCCATGTTGGTCTGGGTTGTTGGCATGACCTGGGGCCCCAGTGCCTAGCAGGGTCAGAGAGTGGTTGTGACCTCATGCTCCCCAGTGTCCCCAGCCCTGCCTGGGCCCCTCCCAGAGCTCAGAGACTGTTCTTCCAGCATCACTTGCTTTTGCCCATTCCTTATCTCCTCT,0,0,0
TGTGAGGGACCTGAGGCCCTGCCCCGTGTCCGACCACCGAGTGGCAAGGTGGAAGGAAGCACAGGCACACAGACCGTGGGTGGGTCTCCTCACCGTGGCTGTGGGCAGTGCGAACACATAACACCCTCGGGCTAAAAGTGACTCGTTGACCAAGTTGGAACCGGAATGCTTTCTTACTCAAAATGGCTTTTGTAACTATTGATTTCTGAAGCTGGTTTTATGAGTTGTGACAGTGTTACCAGGTTGGGGGTATGTGTTTATTTCCTACAAAGTACTTACGGGACTAATGGGCAAAACAGA,0,0,0
AAAAGTGCTGGCTTAGCGGGGGACGAATCTGTGTCTTTCTTGGAACTTCCAAGCTCTAAATAGTTTGAAACCAACAGCTCTTCCGAAACACTGTCATTTCCATCCCGGAAAAACAAGTTCTCGCGAAAAGATGAGTTTCACGCTGGGCAGCGTAATTGCGCTATTGCGCCTGCGCTAGCTGGGGCTCCGCCCTTCCGCCCGGAGGGGCTGTCACTCACAGCCGCCTCCCGCCCCGCGTCGCGACGTAGCACTTCCGTTTTTGCTGGGTAGGCGACCCGGACGGAGGGCCGGCGAGGTGCG,0,0,0
AGGAAATATTTGTATGAGTGAATTTTGGTATTTTACCTGAGAGTAAAAAAAAAAAATTTAATTCTAAATAAAACTTAGCCACAGTTATTATTCTGTATTATAAAAGTAGCTCTAACTTTGTGAATTTTACTAATATAAAATTTAAGCTCTGAGCTGTATTAAATTTTTTCAATGAAAACTTGTATTTTAAAGAATATGTCATAAATATTCTTTGACCTCACAGGCCAACTGTGCAGGAAGATGGAGGGGATGTAATCTACAAAGGCTTTGAAGATGGCATTGTACAGCTGAAACTCCAGG,0,0,0
CAGGAACCCCGCGCGCCCCTGGACCGCGACGCAGCTCCGGGACCCCGCGCGCCCCCGGACCCCAACACGCCCTCAGCACCCGGGGGCTCGGCCAGCGAGGTTGAGCGCCCGGGGGAGGGGCCCAGCCCTAGAGGGTCTCCCTCTTCCAACAGACGGAGCCCGGCCCCAGAGAAACCCCCAGGTCCGACAGGGACAGTCAGCCACGCCCCAGAGGGCGCCCAGCATCCTGCGGCTGGAGCCCCGTGCTCCAGAGGAAACTCCGTGCCCAACTGGGGGCTCCCCGCCCCGCTGAGGGGCGCC,0,0,0
CCAAAGGGCACTGTTCCCACCCACCTTGCAGTGGGTCGTGGGACTTCCCTGTTCTGGTTGGCAGAAATTCCAGGAAAAAAACTCCATGTAGCTCAACTGAGTAAACAGAAAGCCTGGCACTTGATCTCAACAAACAGAGAAAATGAATCCTCTGGAATTACCCATGACTCTAGCCCACTCCTAACTCCCTTCTAAATAACCATGGTGATGATAGAACTTGCACCATCCACCCATCTGGCTTTGTTTTTTCTTTACGTCACTTAGCGCCAGTTTGTTCTGGCCGTGTCTCCCACTAGAATG,0,0,0
CTTTGGCCGATCCCGCGCCGCTGCCTCGGGCCTTGGGCGGCAGCGCCCCCCGCCCAACCCGCCTCTGCAGCGTTCCTGGCGTCAGCCCCTATCCTCCAGCTTCCTCCGCCCCAACCTAGGGTAGAACCCCAAACTCCAGTCCCAGTCCACTTCCGCAGCTTCCTCCCCTCAGCATCGCAGGTCGGATCACGTGCGGGTTCTGTCACGTGACATCAGGTCACGTGAGGCCGGTCACGCCCCGGGCAGCTTGGCTGGGGCTAGGCTTCCGGGGCTCTGCGGTCCTCGGCCTGTGCTGGCAGC,0,0,0
TGCGAGCCTTTACTAAGCACTGCCTCCTCCTGTCTCCTTACTGCATCTCCTGATGGAATGCACAGGTAAATCTCCTTGGAGAGTACCAGCCAGGAACAGTCCACAGCCAAGGCCACCGATCCTCACCGCTGAGCTCCATCTTTCCTTTCAAGCTGTCCTTCCCCTCCCCTCCCCACCATCACCATAGCAACACAGTGGTATAAAAAAATGAAAGCGCTAAGGCATCTAAATATAGTCTGAGTATCAACTCTTCCAGCATGGAGCCGAAAACCTAGGGAATGACAGCTAGAGGCATCCAGA,0,0,0
CTGTGAGTATTGAAGGGTGACATAAGGAAGGCTGAGAAGGGTGCCCCAGGAGAGACAAAGGTGGCTCAGAAGGTATTCCCCACCACTGGTGTAATTTGCTTATATTTAACGGAGTGGTACTTGGCTTTTCCTGCAAGATTGGAGTCAGTGAGTTGTCTTCCCTTGTTCTATAGTAGATTAGATCATATGATGATTCTAAATCGATGTTTCACTTTCTAGCTGGTGCCGACAAGAAAGCCGAGGCTGGGGCTGGGTCAGCAACCGAATTCCAGTTTGTGAGTATCTTCCTATTTGTTTTCC,0,0,0
ACTCTGAGCCTGGGCCAGGGGAGTCAGAAGGCCGGAGCCCTGAAGGGCCCCACAGCCCTCCCCGGCCCTGCTGTCTCCATACAATTCTGTGGCCAAGGAGTGAACCTTGCATGATTTCAGCCACCCCACCCAGACACCCCCCACCCTGGAACAAAGGGGAAGTGGCCCCATGGGCCTGCCTGCTTCCAGCTCAGGGCTGGGCTTGGTCACCAGGCAGGCACTTGTTGTAGCAACAGTCCCTGGGGACCCATCCTGGGGAACAGGACTGCTAGCAGTAAAGATGGGGGAGCCAGGGCCCCC,0,0,0
GGAAGGCAGGAGGCTGGCAGAGTGCAAAGAAGAGCTGCTGTGTGCATGGCTGAAGACTGAGAGGAACAAGGGCAAACATTGCCCACCCCTTCCCAGAGACCCACAGTGCAAATGGTGACTGCCCAACACCAGCACTGTGGCCCTGGGGATGAGAGTCTGAGGTAAGGTGTGGAGATTCATTGCAGCCCTCAGGCCCATGGAGGTCCAGGGGAAATGACACATCCAATCCCTCCCTACCCTCCGGGTATGCCCCGGTATCCCTCTCCCAGCCAGTTTCCTCTGACCCAAGGTCATCCTTGCAGCTGGTGAAGACACACAACCTGCTGACCACCAGGAACTATATCTTTGGATACCACCCCCATGGTATCATGGGCCTGGGTGCCTTCTGCAACTTCAGCACAGAGGCCACAGAAGTGAGCAAGAAGTTCCCAGGCATACGGCCTTACCTGGCTACACTGGCAGGCAACTTCCGAATGCCTGTGTTGAGGGAGTACCTGATGTCTGGAGGTAAGAATCCACCCCCTGTGCTCCTGCTGGGCACTGTTGTCAAGGCCTGAGCCTCTCCATCGGGCAGGGTGACACAGGGAGCCAACACACCATTC,0,1,0
AGAGCAGTGAGGGCACTTGTGACCAGCTTTGGGGAGATGAATACACTGTCATTTATACATAAATGCACTGTCATTTATCATTTCAGAATTGGAGTGAATTCTAAATGAATCATAACAGTTGCATTTAATGAATTATTCTCCTGGGTATTGGCTAATTTTAAACCGGTCTGACGAGTTTTAAGGTCCATGTGGTTTGAGGAAATTCAGTGGTGCATTTCCCGGTTTGGTCCTCCTCATTTCCCTCCAGCCCTGCTCCTTTTCAACATGCCAGGCTGCTTGGCTGGGTTATCTTTAATCACTGTAGGTGGGAGGAGGGGAGGCGGGGAGGTACTGGGCCCAAGGTCATGCCAGAAGAGTTCAGGCCTCTGCTTGTCATCTGGCACTGCTCAGAATTCCCAGGGGTCTCCGGGGAGCTGGCCCTCAGCTCACAGATGGGCCTGACTTTGGTGAGAGGTGGCCTTCCACCAGGAAGCCTCCAGCTGGCAGGATAGGTGGGTGGGGAGGGGTGAACTTTGGCTGTGGAAGCGTCTCAGCATTTTACTCCCCTTTTTCAATAGTTGCTGCCTCCACTCCACGCTTTTATTCAAGCAGCACCGGTACCT,0,1,0
CCGGGGCCCCTGGCTGCCTCCTGATGCCCAAGCCTCTCCATCTGCAGGCACCCTTCGACGGCTCCCGCCTGGTCTTCCCCCCTGTGCCAGCCTCCCTGGTGATCGGCGTCTTCTACTTGTGCATGCAGCTCATCCTGCCCGAGGCAGTAGGGGGCACTGTGTTTGCGGGGGGCCTCCTGGGCTACGTCCTCTATGACATGACCCATTACTACCTGCACTTTGGCTCGCCGCACAAGGGCTCCTACCTGTACAGCCTGAAGGCCCACCACGTCAAGCACCACTTTGCACATCAGAAGTCAGGTGAGGATGGGCCTGTGCTTCCCAGCCCCCTATGTGTGTTCATTGATTTATTTGCCAACTACCATCGAGCTCCTGGGAACGGCAAGGCACTGTTCCATGTACGGGGCATATACAGAGGGTTCCCTCTACTCTCTTCCCTGGTGCAGACAGCTGTGCAGAGACAGGCAAGGACATCAATAAATGGCAAAGATTTCAAACTGTGATAAATGCCATAAAGAAAATAAAGGGGCTGGGTGTGGTGGCTCACACCTGTAATCCCAGCCGAGGGGATTGGGAAGCCGAGGCAGGTAGATCACTTGAGG,0,1,0
GAAGAGTTGCAAATGGGAGTGAACAAGCTGGGTTTGAATGCTACTTCTCTGGGATCCAGATGCAAATGGGAGTGAGCAAGCTGGGCTTGAATGCTATTTCTCTGGGATCCAGGGAGAAAAATCCAGGAAGACATAGGAGGACTACATCCTCCGTAACATCAGCCCTACACTCAGCTTTCCTCTACCAGAGCAGAAGGGATATTCTATTTTCCAACCTTTAACTTCCTCCTATCTGCCCCACCCTTCCTTGTCCCAGCTCACCTTGGCAGCAATGCCTGCTTCATAGAAGGCTTTGTCTACAGGTAGTAGCTGGGTGTGACGCAAGAGTGAAACAGAAAGCCTGGCAGCCACGGTTTCCTGGGATTAAAGTCAAAGCATTATGAATATGGCACTAAAGTGACTGAGCTACCAGACCAATGATCCTGTAAGGCAGCCACAGAACTAAAAAACAACAATTATTATTAAACTGCTCTGGATTCTCAAGCTGTTCTGGGTCTTAGTTTTTTTTTTCTTTTTCTCTGAACAAGACACCTGGGCCTAGGTTCAATTCTTTCGCCCAGGCTGGAGTGCAGTGGTGCCATCTCAGCTCACTGCAACCTCTG,0,1,0
TTGTCTCCAATTTCCAAGGTAGGTGTTTGTTCTCCTTAAATAGAGGAAGAACTGTTTTATGAGTTAATGTGAGATTATTTTATTGTGCATATATTCACTTTGAGATGGCTGTTAGACTAGAGCTATCTAGTAGTCAATTATTCACATGAGTATGTGAACCTGAGAATTTGAGACAGGTCTCAGTTAATTTAGAAAGTTTATTGTGCCAAGGTTCAGGATGTGTACCCGTGATACAGCCCCAGGAAGTACTGGCAACATGTGCCTAAGGTGGTCAGGGCATGTCTTTGTTTTATACATTTTAGGGAGGCATGAGACATCAATCAATATATGTAAGAAGTACATTGGTTCCATCCAGAAAGGCAGGGACAACTTGAAGCAGGGAGGGGGCTTCCAGGTCACAGGTAGGTGAGAGACAAATGGTTGCATTCTTTTGAGTTTCTGATAAGCCTTTCCAAAGGAAGCAATCAGAATATGCATCTATATCAGTGAGCAGAGGGATGACATTTAATAGAATGGGAGGCAGGTTTGTCTTGAGCAGTTCCCAGCTTGAATTCTCCCTTAGCTTAGTAATTTTGGGGCCCAAAATATTTTCCTTTTACATT,0,1,0
ACCCAGACGTTCTGTACCTTATGTTCAGAGTGACCTGTACCAGCTTCCTCAAAGTTTTTTTTTCCCCTCCCATGGGACTCACTCCCCAACTGTCTTTCCCCCACTTCCAGCAATGAGGCCAATTCGAAGTGGTTGGATGCGCACTACGACCCAATGGCCAATATCCACACCTTTTCTGCCTGCCTAGGTGAGTCTCTGGAACCAGGAACCCTGGGTTCTAGTGGGATGGGGAGTCAGACAATGGTCCTGTAGTGAAGCCTCTGGGATTCTGAGACTCTGGTTTTGGCCCTTTTGTTTTCCAGCGCTGGCAGATTTACATGGGGATGGGGAATACAAGGTAAGCATATCACCCTAGCCAGGAGAGTTGAGGGTAGGGGGGTGTACCCAGAAATGAGATTTCCTGACGGCTGAAAATAGGCCCAGCATACTCTGGAATTCACATATACTGTGAAAAAGCACATTTAGCGTTAAATTTTGTTTTTATATGGAAAGTGAAGAGAACTTATTGATTTCATAATACAGACTGCAGAAAGTAAAGCAGATCAAATATTTCTGGGGATTCTACTAAGACAAAGCCTCTTAGTTAACCTGATTTCTTTGTT,0,1,0
TGACCCATATAGTTAAACATCCAGAGAAAACATAAGTTCCTGAAGTCTCCTAGTCTTCCACTGTGAAAGTAAGAAGAGTGGGAAAATTAAAGTTTTTAAGGAATCCATCAGTTAGGAATTGAAGTAAGGTTATATACACAGAAAACAGAAACAGATCAGGATTGCTGTTTGGTGGGGGAAGTGGAAGGAAAATGAATCAAAAAGGACAGCTGTCTTAGGAGCCCTGCTGGTCTTTTGGGTGGTTAGATGCAAAATAATGTTTGTGGCCATTTGACAGTAATATTCTTGATGTTTTTGTTAAGGCAGCTAAGAATGGAGCAACAGGCGTGGAGTTGGACATTGAGTTTACTTCTGACGGGATTCCTGTCTTAATGCACGATAACACAGTAGATAGGACGACTGATGGGACTGGGCGATTGTGTGATTTGACATTTGAACAAATTAGGAAGCTGAATCCTGCAGCAAACCACAGACTCAGGTAAGTAGTTTATTGTCACTTAAACAGATCTTTTAGCTTTTATTGGAAATGACAGACACTGGTGCCTTCTAATTACATCTGCCCCAGGAGAGTTGTCTTGTTTTGTTTTGAACTGTACGTAGGT,0,1,0
GGGCAAATGGAGGTTGGGTCTTTTAAGAAGGTGGTATCACCCAAGCTAGCCTTGGATGGACAGACCAGGACTGTCACCCACCCACCATGTTCTTTCCACCCCGTGATCTTCCTCAGGAGCCCAGAGTCAGTGTCAAGGTCAGCTCACACACCCTCTGACATAGAGTTGATGCTGCAAGACTACCAGCAGGCCCATGAGGAGGCCAAGGTGGAGATTGCCCGGGCCCGAGACCAACTGCGGGAGCGGACTGAACAAGAGAAGCTGAGAATCCACCAGAAGATCATTTCCCAGCTATTGAAGGTGTGGAGTGGGGCATGCCTCTGATTTCAGGATAGGCCTGGACCTCAGACTGGTACACCTTCACCGTGGCCGCCTCTGAGTCTTGGGACATACGTAACATTTGGAGGAGGCTGTGGGACCCCTGTTGTCAACTCAAAGCTGGGCTCACTGTCTTTTTACATCATCACACCAGCTCCTTTCCCCAGGCCACGGCCTGGGAGGAAGAGGCTTTGGTGTGAGGTGCAGGGTGTGGGGAAATACGAGCAGTGGTGGCTTTAAGGAAGCCAGGGCATGTGAGGCTAAGTCAGGGAGGCCCTGGGAGG,0,1,0
TTAGATCGAATCTTCTAGCCCTTTGGTGTCTTAATAGGAACAATTTACGTTATGGAGTTGGGGAAGGTGGCATTGAGGTCAATGAATGGGACTGCGGGGCGGGACAGAAGGGCAGTTGGAGCCCAGGACACCAGCCCCAGCCACCACACCACTTCCTGATGAGTCTCAGAGGGGTGGAGGGCTCCAGAGGGGTCTCTCGGCCACACCCCTGTCCCCACAACCCCGTAGGCCCTTGTGGACACCCATGGAGCCACCTCACACGAGCCAAGCCATCCTGAGGTCCCCTCCCTGCCCTTGACCAGGAGGAAACAGCAGTACCTGAGCCTGGACATTGAGCAGTTGCTGTTCAGCCAGGGCATCGACTCCAACAAGCTCATGCCCAGGCACCTGGACCACCAGCACCCCCAAACCATCGAACAGGGCCATGACCCAATCTTCCCCATCTACCTCCCACTGAAGGTGAGCCGGGCTTCCACAGATGGTTGAGAGACAGGGGCAGAAGTGCAGGACCCCAGTGGACGCTCAGGAGTCAGATCTGAAAGGGGATTCCCCCACCAGTCACCAGCACACTCTTGTCAAACAGGGCAGGTCAACAATAGGAA,0,1,0
GCGGGAGCGAGGGCGGGCGGACGGGAGGGCCGTCAGAGCCGGCTGCCGCGGAGCCCCGGCGCGGGCGGCTTCGCCGGGGAGCGAGGCTCGGAGCCAGGAGGCGGCGCCGCTGGGAGGGAGCGCGGAGTGCGGAGTGCGGAGCGCGGGGCCTGGCCGCCCGCCTGGTGAGAGCGCTGCGGGCCGGGGCTGGGCCGGGGGCGGCTCAGGGGCAGCGGGGCGGCGAGGCTGCGGTCTCTGGACTAGGCGAGGGGCCGCCGGGGGCTGGAGGTCCGGATCTTCAGTCGGGGCGCTGGGCACAACAGAGAGAAGCGGTGAGATACCACGAAGCGTTGCCCAGCTGGGCGCCAGGGCCGCCACGACCGCCCCTTTTCGGAGGCTCGGCGAGGAGACCTGCCTGCGGGAGAGACCCCGGGGAGCAGGTCGGCCGGTCCGGGCTGGGGGTGTGTGTGCGTGTGCGCGCGCGTGTGTGCATGTGTGCCTGCGAGGGGTGGTGGGCGTGTACGAGTGTGGGGGGATGGCGGTGTGTGGCATGTCTGTGTGTGTGAATGTGTGTAGGGGGTGTGCATCTCTGTACAGTACATGCCGTGTGTGTGTGTGTGTGT,0,1,0
TTTTAGGAGGTTTTAGGAAAAGAAGGTTATTTATTTAAAAATTATCTGAGAGATGACTAGATAATGAAGCTAATGATGTGCTCCTTTTTTTTCTGTTGTATTGTTAACAACACATGCCCTCTGGAAAACCAAGCCAAAATTCCACCTGGAGAGAAAATCAGATCAACTAAAGTTCCTGTGAAGATTCAGTCAGTAGTAAAGAGGACATCTCATGTTCCCTGTCATTCTTCAGCCTGTACAATTATCCTGCTCTAAATAAGCAGATCTTGGATTACCCGACTTCAAATCATTGGTCTGGGAAGTAGTCGGGCTATGGAATGAGTTGTGTGGGAACCAGGAGAACAGGGCTTACCTTTCACGGTCACGTGGACGCTCTGGCTGGTGGAGAGTTGTGGTTGAACCAACACGTTGCACGTGTACTCCCCCTCGTCCACTTCCTTTTGCACATCTGAAAGTTTAAGAGTTCCATTGTTCTCAAATGCCACTTGGCGGTGGTTGAAAGGAAGCAGGTTAGAGTTCTTGTACCATTTAATGGAGTAATACGGATAGCCAATCACACGACAGTGAATGTATGTGTCCCGTCCTGCTATTGCTGTGATGTT,0,0,0
GACTCCGTCTCAAAAAAAAAAAAAAGAAATGAGAATGGGCGGGCGCCGTGGCTCACGCCTGTAATCCCAGCACTTTGGGAGGCTGAGGCGGGCAGATCATGAGGTCAAGAGATCAAGACCAGCCTGGCCAACATGGTGAAACCCCGTCTCTACTAAAAATACAAAAATTAGCTGGGCGCGGTGGTGCGCACCTGTAGTTCCAGCTACTCGGGAGCCTGAGGCAGGAGAATTGCTTGAATCTGAGAGGCGGAGGCTGCAGTGAGCCGAGATCGCGCCACTGCACTCCAGCCTGCTAATAGAGTGAGACTCCGAAAAAAAAAAAAAACAACGAGAGTGAGCCTCAGCCCTCCTGGGAAGCAAATGAAATGAACTTCAGGCCAGGAAATGAAGACTTGAAGGAATCCATAATCCCTGATTCAGGGAGGCACCTCTCCCTCCCTCTGATCTCAAGGTGCGTGGGCATCTACCAGGGTGAGAGATTTGCCTGAGGGCACTGTGATTCTGAAGAGGTTGGCCTGGCTCCTTAGCAGACAGGAGGCCCTTCAAGGCCCTGAGTTCATTCCTGTGGGTTCCAAGCATGGCCCCAGCATGGCAGCATTAAC,0,0,0
TGTGTACTAGTGCCACCATTGAGCCTCCTGCTGCTCAGCCCATGTCCTTTACTCACATGGGACACTCTTTGGTAGGCTGTTACCACCTTGCCTGCCCCTCATCTGCCTCTGTCTGCCCAGGCCCTTGGCAACTTCTCTTGCTCCTCCTAAACCTTCTCATCTTGCTGTGCTTCCCGGGGCAATCACCTGCCACACTTAGCACCATCTAATGGCATCTGGAATGAATTGTTGGGGAGAGGGGAAGAGCTGTGATAATGTGTGTGTGTGCATGTATGTGAATGAGCTTTTATGTATGTAAATGTATTTTGGGAGAGCTGCAAGAAACCATAGAAGTATTATTATTTTTTGTTTTGTTTTGAAATGAAGTCTCACTTTATTGCCCAGGCTAGAGTGCAGTGGTTTGATCTCAGCTCACTGCAACCGTCGTCTCCCAGGTTCAAGTGATTCTCCTGCCTCAGCCTCCTGAGTAGCTGGGATTACCATGCCCAGATAAGTTTTGTATTTTTAGTAGCGACTGGGTTTCACCATGTTGGCCAGGCTGGTCTTGTACTTCTGACCTCAAATGATCCACCTGCCTTGGCCTTCCGCCAAAAATTAGAACA,0,0,0
TTCATTATATAGGAAAACAGGAGGTAAATATAAATAAAATGAAATAGGTATTATAATGGAAAACAGTTTTTGAAAGGAGTCCTAGAGCTTATACTAAAGAATCTTTTCAGGACAAAAGTTAATTATTGTTTTAGCTCTTATAACTGATCTAAGCAGGAGGTTTGTAATCTGGGTGAAGTAAAAGGAGCAAGAGATGTGAGCATTGAGGGTGTACTGTTTCTAGCTCCTGGAGGCAGATAGCTGAGGCAGCAGGAGGAGGTCACCTCAACTTCCCTTTTATTAGGTTACTTGCCTTGCAAAAGGGGTCATTTCTGCAGCTTGGTGAGCTCCTGGGTCCTCTGAACACCATGGACTTAACTTTTTGCTGTAGAAGGTAGAAGGGAGCTTGCTCTATTACTGTACATTCTCTTGACTTTGGCTAGCAGAAGCAGGAAGTAGAGAAAGTGTCAGATGCTTAGGGCTGGCCTTGAGTGTTAGTATAGATATATAAGTAGGTATTTGGAAAAGCTGCTTTCTAATTCTGGATATGTACTAATGGCATCACAATGTTCCAAAAGAAAAAATTGGTTAATATGAAATCACAATGAAAGCATAGGGAGTAT,0,0,0
GACTGGGTAATTTATGAAGAAAAGAAGTTTCTTTTGTTCACATTCTGCAAACTGTACAAGAAGGGTAAAGCCATCATCCACTTCTGGTGAGGGCCTCAGGAAGCTTACAATCATAGCAGAAGATGAAGGCATGGCATGTTGTGCTTGCTTCTCTTGAACTGTAACAAAATCTCTTTTCAATGACCATCATCTTCTGGTCTCTTGGCTTCACCCTGCCTGAGTAATAATGAAATCTACATTTAAAAATACTCCTTAAAAGATCTATACATTCTCTAAATTAGTAGTTGGATATCTCCCTGCAGAGGCTTTTGAAAATTGTTGGGAGTACATTTACGTATTATAAGAATTATAGTGTCGGACTACCAGCATTCACTGAGAGAGTGGGTTGGGGGAAACTAGACATCCTGCAAAACAAGGGTAGTACTGCAGAAAGGAAATGAATTAAAGAGAAATAGTCTATAATGAAATGTATCTTTTGATATGCAAAGGTACCCGGGAGTGGTGGCTCATGCCAAGGCAGGTGGATCATGAGGTCAGGAGATTGAGACCATCCTGGCCAACACGGTGAAACTCTGTCTCTACTAAAAATACAAAAAATTAGC,0,0,0
AGCAATCCCTTCCAAATGTCCATATCATTTTATTTTCTGTACTTGAATGCTAGTGTCTGATAGTGCAAGATTACTATTTTACAAATACTACTTCACGTATTTTCCTTCAGAAGCAAATCTTCTTCTGGGTTATGAATTTAATGACATGATGTTGTTTTCATAAAACCAAATTTTCTATCAAGATTTCATTCAATTTAATACACAGTAATCAGCATCTGCTCTGTCAGATAGTTATGTGGGGATACACGTCTTTCCACATAAGACTCAGTTTCTACCCTCAAGTCCCTTGCAGTCTAGCTAAGTAAGAAGACACAGGCTGTGTTTCCCCTTGATGATTAAAATGTTCCATGGGCTGGGAATTCTGTGCCCTAGATGTTGTCAGCACTTGATTTCTATCATTCAACAAGATTCATTCAACTTTTTTTAAATTGGTGAACTGAAAATACTTCCAATTGTATATTTCCTTTCTGTTCTCATTGCAAAAGTATTCAATCAATGAGGAAATTAATCATAATGAGGAAACTGATTGAATATAATGGCATAGCTATAAATTTATATAAAAATATATTTTTTAATATTTAGGTGCTTCAAATGAAGTTACA,0,0,0
CTTAGCTCTCTTACCTCATCTCATAATAATCTCCCTCTTAGTCCTCATCCCATCAATGCAGAGCTCCTGGCAGTTCCTCAAATATAACAAATTTATTCCAACCTCGGGGTCCTTAGGCTTCGACTTTGTGGTGCCTAAAATACTGCTCTCTCAGTGTTTATGTCTGCCACGTCTCCATCCTCCTGTTCTTTGTGCTGAGATTTCTGTAAGCTACCTGCCTCTCTCAGGCACTCTGCATCCTATCACTCTACATCATTTTCATCATAGCATTTATCATCATCTGAAAATAAATTATTGATAAGCCTTTTGATGATTGTCTAACTTTATTCACTGCAATGTAAGCCCCAGAAGAGCAAGAACTGTATCTGTATTTTCTCCTTCTATATCATCGGTGCTTAGACAGTGTCTGGTACTTAGGTGGGGCTAAGCAAATATTTCAGAATAGATGTGTGAACGATTTTCAGTTCAGCAAAAATGCAGCACTGGGATCAGCCTGATTTTGTGTGTGGCTTTTTATTTCACAGGTATTCATTGTGTGTTCACAACACACAAGGGGCATTGCAGTCATTTGAGAGACTTTGTAATTATCATGTGATCATGTC,0,0,0
GTGTGAGCAGCTCTGAGAGCCCCAGCCAGGGAAGGCGGGCGGGCGGGCTCCTATCTGCAGTTTCCCCCCGAGTTTTTGGACAAATCTTATACATGCTCATTACTTTAAAATTACAAAATCCAAAAGAGCATTGAGAAAAATGAGAACTGCTCTGAGAAGTCATCATTAGCAATGCGTTTGAGAGCCAGGTAGTTGTAAGAAGGCCCCGAAGGTGCCCCCGGCCCTCTGCTCATGGCGGATAGACTCCATGTCTCCCGGATGTCACCAAGCCTGTGGTCAGCCATGTAAGCAGCGCAGCGAGTTTATTCACCGAGAATAAACTCCTCAAAGGGCAACACGGAGTCCGAGCATGTGTGCCCTTAAAATGTTGACAGAAATTTCCAGGGTATCTAGAAGAACGCTTCGTCCCAAATGTCGCTGTGCCCTCCCCACGTGAGCGCCGCGATTCTTCCAACACTCATGCATTTAGGGGTGTCTCGGGGTGCCACACAGCGTGTCCCCAGCAGTGCCTGGCCATCTGCTGTAACGGAGATGCACCTGCCAAGGGTCTCTGACAGGAGTGCTGTGGGCAGGGCTGGGCCCCAGGGAAGGCCTGAAAGCCA,0,0,0
TATGAGAAGGGAAGAGAAAAATAGTCTTATTTTTGATTGAGACAAGAATGATTCAAGGTGTCTGAGTGCTGTCATCTAACATAAAAATTTGGAACATGGATTAGCCATATTGTACTTGCTACCTATATAGTTTAGGTCCAATTATTAGAAGTGGCAGAAGGACAGACTTGGCTAAAATATGTATTTTATTAAAAGAGCTCCTCAAAGATAGAGTGGGGAGCTTTAGAGCATAGAGTTCTTGATCATTGAAGAGTGTTGACTCTGTCTTGCCAATTGCAGCTAGAGTACCCACACTGGGCTAGCCTAGGGGAGCCACAGCTGTCCCTGTATTCCGTGGCTGAGCTGCTTTGCAGATGAAAGAAAATTAAGGCATGTAGCTGTTTAGGAAAAGAAAAACTCAGAAAATGAACTTTTATAAAGTTTAATGTTTAGAAATACACGGGCTAAAATCCATTGCCCATGGAAATTCCTCCACTCCTTCCCTCTGCACATCGTTTGCCAAATCTTCCTCATAAAGGGATTATGTTTGCTGTCTTTTTCATCCATGGGAGGCTGGATTCATTTCCATGTCCTCATAGTCTGGGGAAAACAAACAAACAAAC,0,0,0
TAGCTCCCGACCCCTGGCTGCGACCCCTGCGGAGCGAGCTGCGGGCGCTGCTGGCGCGTCCCCCGCCCCAACCCACGCTGGGCCAGGCCCAGCCCCAGCCCCAGCCCCCCACTGCCGTCCTGAGTGCGGTGGTGCCGCGAGCACTGAACCAAAGGCAGGAGCCCCCGGGCAGCGCGGGATACGAGGGACGGGGAACCTGACCAGCCGTGGAGATCCTGGAGATCGTTCCCGGGGCCGCAAAGCCCTTCCAAGCGGGCAGCCACGAGTGGGTTCCCGAGGAGTCGCCGTGCAGTCACCCAGAGCACCCTGGGTCTCTCAGCCTCCCCGGGAACGCCCTGGGCATCGCGGTCTCTGGAGGCCTCGACCTCTGGAAGCGTAAAATGCACCTCGGCCCAGGGCAGCGGCTTCGCAAACCCTTCCCTATTCGGCAACTAAAAACCTAAAAAAAAAAAAGTTAAAAAAAACCACTATTCCTCAATTTAAAAAGGGATGACCTTTAATTTCTCCTCCTGGGCTCAAGGAATTAGGGGCTTATCCTGGCTGAGGAGGTGGCTAATTTCCACATACACGATCCCGGGAATACAATCACAGCTCATTATTCG,0,0,0
CTGCCTTGGCCTCCCAAAGTGCTGGGATTACAGGCGTGAGCCACTGTGCCCAGCCTAAGCCATTTCTTAAAATAAAAATGCTAAAGGACTAGTAAGTAAAAATAAAACTTCCTATGGGATTTCCCAGTGGAATTACTGAGTGGTTTATTTGCGTGGCATTTCATTAAATATTTATTTGGGTGGGCTTTTTTTCTTTACTCTTTTTC,0,0,1
AATTTCATGTAATCCTTTTATTTTCAATAAAAACAAATAGCTAAATGTATAACCAACTATGATGTTATGTTTTCAATAATTTTGTAAAACAGCTCATATAAATAAAATTTTTAATTGGAAGAACATTCGTGCTTTTAAAAATTTTTTTTAACTACTTCTAAGTATATATTCTACTTCTAAGTATTCTTACCTTCTCTTGTATCTGT,0,0,1
GATGCCTGCCCTTGTTAGTATTCATTTTATGCTGCCCAAGATATCATTTAATTTAGACTTAACAAGTATTTCCTTGTGATTATATTACTCTGTCCTTGTTAATAAAGTGCTGCTGTGTTTGACTCTGAACATACTACCAAAACTTCTTCAAAGAGTTTTTTATGAAAGACTTTCCTCCTTTACAAGAAAGAAATGGGGTGCTGCCT,0,0,1
TTCCAGGGACAGTTATTTATGGAAGGGCATTTTTAACTCGAGTGCTAGAAGTGTTAAATCATTATAATAAATTCATGCTATTCAGACTTTCTTACATTGTAATAAATTTTTTCTAAGCATGAATGAGAAGATCCATGATTCTTCTAATATACCATTATGTATTTCTTCTCAAAATGACACAGCTTACTACAAGTTGGAGAATAATA,0,0,1
CTGCCAATTTTCCAGTCATTAAATGTGTATTCCCCATTGTCCAAAACCCGAATCTTTTCTTACCCCAAGTACTCAACAAAAATTCCAATGCTTCACTTTGATTAAACCCCACTGAGCCAATCAGTGCAGCCCAGAGGTTTTCTTAAGCCTATCTAATCCTACTCAGGAGTTGTAGGTGGGAGAGATCCTGCCCCTACCCCCCATCT,0,0,1
CTCAAAAAAAAGGAAAAGGACTAACAGGCAGTATGCTGTCATGTTAATGTGGGGTGGAAAAATTGTCTGCATTTTTTCTGCATTTTTAAAATTCCAACACAATAAATACAATAATAACTATGCTAACTAACAGTGGTCTAGAGCTTACTTCATGCCAGGCACTGTTCTTTTCATCGATGATGACTCACTTGATCCTCACAACAACC,0,0,1
ACCAGTGTCGCCAGCCAGGTCACCTCTCTGAATTTTGTGGTTGCAACCTCCATGATTCCCTAGAGCTGTTTTTACCCAGAACTAATGAAAAATTCTGCACATTAAATTCATGCTATTAGAATCACTGTTGTGGTTTCCATCTCCCAAGTAGACCCCAACTGATACATAAATTCATACTAGGAGGGGGTCCCCAGAGACAGGCCCTC,0,0,1
TCTCTGGGAGACTCTTGGTCCAAGACCTGGGTCAGTTCTTTGCTGGTGGTCCCCTCTGACCACAAGCTTCTGCCTGAAGATTCCTCAGGTCAACACCATCATTAAATGCGAGTTTTGTTGATGATTCTACCATGTGGTAGAGTGTTGTGTAAGACAGGTTCACAAATGGGATGTTTTCCTAGTGTGTGTGTGTGTGTGTGTGTGTG,0,0,1
TGTTTTGAGCAGCAGGTAGCCTGCTGGTTTTATCTGAGTGAAATACTGTACAGGGGAATAAAAGAGATCTTATTTTTTTTTTTATACTTGGCGTTTTTTGAATAAAAACCTTTTGTCTTAACTCGTGGCTTCTAATCGTCTGTGCGGAGGCATTGCTAACCTGCATTTATTGAGCATTTGGTAAGTGCCAAAGAATTGTAGGAGAA,0,0,1
TGCTTTGGGTTTTAACTGTTTGGCCACGGCGGGGGTGGGGGCGGGGGGTTGGTACAGAAACTTGAAGCTGTTTGTGATATGTACAACTCAGATGTTTCTCATTAAAAAACAAAATTAGCCAGACTTCTGTTGTACTGAATTCTGTAACAAAGCAGTTCAGTGGTATGCTTAATCTTCCAAAAAACAAAAATTATTATTTTTAAAAT,0,0,1
AAGTAATCCAATGAATATCCCCAAACAGAAAGATAAAAGTTTTAAATAAAATGTATCGGATAGAATGAAGAAAATATTTGACAAGACAGTAACAAAGATAAATAAACTTGAAAATAAATTTTTTAGAAAAGATTATCTAAGTACACAAAGAAATTGAGAATGAAAAATGAGACAGAGTAAGTTATTAAAGACTTGCTGAAAAACAT,0,0,0
TTTTATCTTGCAACCTTGCTATATATTAATAGCTTATTAGTTTCAAGAGTTTTTGGTCGATTCTCTTAGACTTTCTACATAGACAATCATGTCATCTGTAAATAAAGACACCTTTATTTATTCTTTTACAATCAATATTCCTTTTATTTCCTTTTCTTGTCTTATTGCACTAAGATTTCTAGTACAATGTTGAAAAGGAGTGGTGA,0,0,0
ACCGGGAGGTAGAACTTGCAGTGAGCCAAAATTGCACCACTGCACTCCAGCCTGGGCAACAGAGTGAGACACCGTCTCAAAAAATTAAACTAAAATAAAAAATAAATAAATAAAGGAATGCATTCAACAGAAAGCATGGAAGGTAAAAAAAAGTTAGAAATTTCCTAAGGAAAAAAAAATGAGGAAGGAGTCTGTAAATAAACACA,0,0,0
CAAATCCTTTCCCACAGCAATTACATAAACTGTCTTGCCAGGGACTGAAGGCTTACAACTTGGGAGTCAGATACACTTTGTAGCTCAGAAAGCTGACTTTAATAAAAGTAGTGTACCTAGAAGACAGCTGTTTATTTGTAGAGGTGGCTTGATATGTTTTGAATTTGTGTCCCTACCCAAATATCATGTCAAATTGTCATCCCTAA,0,0,0
TCTAGAAAACCCAGCTGCCCTGCTCTGCTATTTATGTCTTGGTGACAAACACAAAATACTTCTCACCAAGCAGAGGGCGAAATGACACATTCGTAAATTCATTAAAGCCAAGATGAGTAGGATGTCTCAGGAACGTGTGACCAGGTAGCTAAAGTCTGCTGGTGTCAGCACAGTGGCTGTCCCAGTCACTCCTCACAACTGCACTG,0,0,0
TACTTTCGCATTCATAGTGTGAGCAACAAAAATACAAAACAAAATCAATGAAATGTTTTAGACATGTAACTGTAGATCAATAATATTTATTATTTCACCCAATAAACAGTAAGTGTTTATAGATGTGTTTCTTTCTGTCAGAGAGTACCAATTGTATGTTTTTGTCCTTTGTGCAGTGGTATTTTTTCTTATTCTGCTAATATTAT,0,0,0
TACTGGATGATAATACAATCAAGTAGGTTAATCACCAGGCTCCAACCTACTTTTCCAGTCCTTTCTTTCCTCGTTCCCTATACCTCCTCATGCTCCCATCATTAAATTTCTTGTTGATCCCTGTAAACACCTTGGGTGTTCCAGCCTCACTGCCTTTGTTCAAAATGTTCTCTCCACCTGGAATGACATTCTTTCATCTTCTAGCT,0,0,0
TTAGTGTTCAAATACTTCAAATCATATCCTCAGATATATTTTTAGCCCATGGTTTTATATAATCTTTAAGAACTAATTTTACCACTGTTATAGGTTCACCATTAAATATAATTGGCTAATAAAAATTTTAAGGTTGACTAAATTAAGAAGAAATTATTTAACATTTTAATGTGCCATAAAAGAGTAAATGATAAATAATTAAATGC,0,0,0
TAAAGTTCTTGGTCATTCAAAACTAGATATTCCAGAAAGTAAAGGAAACCATTTCACTGATGCTGTAGCTAAGAATGAAGCCTTGAGGGTTATGTTAGACAATAAATGCTTTGAAATGTCCTTACAGACTTATTACCCATTAAAGTTTTATTTAAGAAACCACAAACAACAGCCCTCAGAAGAAAATAGACGACTGGAAAAATAAA,0,0,0
TAGATACAATGAGGGTACATGCTTATGTTCCAAATGGGAGGAAGTGGCCAAAACGAAGGAGCTACAGGCCTCGTGCAAGTCCAAAATCCAATGGGTAGTCATTAAACCTTAAAGTTGAAAAATGATCTCCTTTGACTCCATGTCTCACATCCAGGGCATCCTGATACAAGAGGTGGGTTTCCAGGGCCTTGAGCTCCATTCCTGTG,0,0,0
